{
  "_format": "hh-sol-cache-2",
  "files": {
    "/Users/nasir/Desktop/Personal/Fahim/MedicalData/contracts/AccessRequest.sol": {
      "lastModificationDate": 1681066433120,
      "contentHash": "93771cd50f4f28ca7abf5ffd7161f425",
      "sourceName": "contracts/AccessRequest.sol",
      "solcConfig": {
        "version": "0.8.18",
        "settings": {
          "optimizer": {
            "enabled": true,
            "runs": 100
          },
          "outputSelection": {
            "*": {
              "*": [
                "abi",
                "evm.bytecode",
                "evm.deployedBytecode",
                "evm.methodIdentifiers",
                "metadata"
              ],
              "": [
                "ast"
              ]
            }
          }
        }
      },
      "imports": [
        "./RegistrationContract.sol"
      ],
      "versionPragmas": [
        "^0.8.0"
      ],
      "artifacts": [
        "AccessRequest"
      ]
    },
    "/Users/nasir/Desktop/Personal/Fahim/MedicalData/contracts/RegistrationContract.sol": {
      "lastModificationDate": 1681065983826,
      "contentHash": "80beda89cf3f6d70db11c64b50bd0831",
      "sourceName": "contracts/RegistrationContract.sol",
      "solcConfig": {
        "version": "0.8.18",
        "settings": {
          "optimizer": {
            "enabled": true,
            "runs": 100
          },
          "outputSelection": {
            "*": {
              "*": [
                "abi",
                "evm.bytecode",
                "evm.deployedBytecode",
                "evm.methodIdentifiers",
                "metadata"
              ],
              "": [
                "ast"
              ]
            }
          }
        }
      },
      "imports": [
        "hardhat/console.sol"
      ],
      "versionPragmas": [
        "^0.8.0"
      ],
      "artifacts": [
        "RegistrationContract"
      ]
    },
    "/Users/nasir/Desktop/Personal/Fahim/MedicalData/contracts/RevokeData.sol": {
      "lastModificationDate": 1680363870347,
      "contentHash": "61e7eeca24e395eb5bfcae0ee8ee21d6",
      "sourceName": "contracts/RevokeData.sol",
      "solcConfig": {
        "version": "0.8.18",
        "settings": {
          "optimizer": {
            "enabled": true,
            "runs": 100
          },
          "outputSelection": {
            "*": {
              "*": [
                "abi",
                "evm.bytecode",
                "evm.deployedBytecode",
                "evm.methodIdentifiers",
                "metadata"
              ],
              "": [
                "ast"
              ]
            }
          }
        }
      },
      "imports": [
        "./RegistrationContract.sol",
        "./AccessRequest.sol"
      ],
      "versionPragmas": [
        "^0.8.0"
      ],
      "artifacts": [
        "RevokeData"
      ]
    },
    "/Users/nasir/Desktop/Personal/Fahim/MedicalData/node_modules/hardhat/console.sol": {
      "lastModificationDate": 1679853215978,
      "contentHash": "4ff3cd2f6272c9a6516e9ee4f2b967d3",
      "sourceName": "hardhat/console.sol",
      "solcConfig": {
        "version": "0.8.18",
        "settings": {
          "optimizer": {
            "enabled": true,
            "runs": 100
          },
          "outputSelection": {
            "*": {
              "*": [
                "abi",
                "evm.bytecode",
                "evm.deployedBytecode",
                "evm.methodIdentifiers",
                "metadata"
              ],
              "": [
                "ast"
              ]
            }
          }
        }
      },
      "imports": [],
      "versionPragmas": [
        ">= 0.4.22 <0.9.0"
      ],
      "artifacts": [
        "console"
      ]
    }
  }
}
